-- Initial DALE artifact registry seed.
-- source_url values beginning with gdrive://pending are non-resolving
-- placeholders until Google Drive file IDs are registered.

PRAGMA foreign_keys = ON;

INSERT INTO validation_environments (id, name)
VALUES
  ('ammi-ape', 'AMMi / APE'),
  ('sve', 'SVE'),
  ('foundation', 'Foundation')
ON CONFLICT(id) DO UPDATE SET name = excluded.name;

INSERT INTO artifact_registry (
  id,
  slug,
  title,
  artifact_type,
  canon_tool,
  status,
  source_provider,
  source_url,
  internal_route,
  evidence_status,
  last_updated,
  owner,
  version,
  review_status,
  mime_type,
  notes,
  metadata_json,
  registry_updated_at
)
VALUES
  (
    'artifact-dale-research-doc',
    'dale-research-documentation',
    'DALE Research Documentation',
    'research_document',
    'DALE Research',
    'active',
    'google_drive',
    'gdrive://pending/dale-research-documentation',
    '/internal/docs/dale_research_doc.html',
    'available',
    '2026-06-04T18:49:21+03:00',
    'DALE Systems Lab',
    'current',
    'in_review',
    'text/html',
    'Deployed HTML reading copy; source document will remain in Google Drive.',
    '{"repository_path":"internal/docs/dale_research_doc.html"}',
    CURRENT_TIMESTAMP
  ),
  (
    'artifact-cts-coherence-audit',
    'cts-coherence-audit',
    'CTS Coherence Audit',
    'evidence',
    'CTS / URT',
    'active',
    'google_drive',
    'gdrive://pending/cts-coherence-audit',
    '/internal/docs/CTS_Coherence_Audit.md',
    'available',
    '2026-05-19T15:13:18+03:00',
    'DALE Systems Lab',
    'current',
    'in_review',
    'text/markdown',
    'Audit record for cross-canon traceability and schema coherence.',
    '{"repository_path":"internal/docs/CTS_Coherence_Audit.md"}',
    CURRENT_TIMESTAMP
  ),
  (
    'artifact-dale-tools-canons-v1',
    'dale-tools-canons-v1',
    'DALE Tools Canons V1',
    'spreadsheet',
    'Tool Canon',
    'active',
    'google_drive',
    'gdrive://pending/dale-tools-canons-v1',
    '/internal/tools/Tools%20Canon/DALE_Tools_Canons_V1.xlsx',
    'partial',
    '2026-05-18T14:37:02+03:00',
    'DALE Systems Lab',
    '1',
    'in_review',
    'application/vnd.openxmlformats-officedocument.spreadsheetml.sheet',
    'Workbook source belongs in Google Drive; the internal route is the current restricted copy.',
    '{"repository_path":"internal/tools/Tools Canon/DALE_Tools_Canons_V1.xlsx"}',
    CURRENT_TIMESTAMP
  ),
  (
    'artifact-master-canon-toolkit',
    'master-canon-output-toolkit',
    'Master Canon Output Toolkit',
    'toolkit',
    'Master Canon Output',
    'active',
    'google_drive',
    'gdrive://pending/master-canon-output-toolkit',
    '/internal/developer/Master%20Canon%20Output/master_canon_output_toolkit.html',
    'available',
    '2026-06-04T18:49:21+03:00',
    'DALE Systems Lab',
    '1.0.0',
    'in_review',
    'text/html',
    'Human-facing toolkit for the shared master canon output envelope.',
    '{"repository_path":"internal/developer/Master Canon Output/master_canon_output_toolkit.html"}',
    CURRENT_TIMESTAMP
  ),
  (
    'artifact-master-canon-schema',
    'master-canon-output-schema',
    'Master Canon Output Schema',
    'schema',
    'Master Canon Output',
    'active',
    'google_drive',
    'gdrive://pending/master-canon-output-schema',
    '/internal/developer/Master%20Canon%20Output/master_canon_output_schema.json',
    'available',
    '2026-05-19T15:18:43+03:00',
    'DALE Systems Lab',
    '1.0.0',
    'in_review',
    'application/schema+json',
    'Machine-readable shared output envelope.',
    '{"repository_path":"internal/developer/Master Canon Output/master_canon_output_schema.json"}',
    CURRENT_TIMESTAMP
  ),
  (
    'artifact-master-canon-spec',
    'master-canon-output-spec',
    'Master Canon Output Specification',
    'specification',
    'Master Canon Output',
    'active',
    'google_drive',
    'gdrive://pending/master-canon-output-spec',
    '/internal/developer/Master%20Canon%20Output/master_canon_output_spec.yaml',
    'available',
    '2026-05-19T15:18:43+03:00',
    'DALE Systems Lab',
    '1.0.0',
    'in_review',
    'application/yaml',
    'Canonical YAML specification paired with the master output schema.',
    '{"repository_path":"internal/developer/Master Canon Output/master_canon_output_spec.yaml"}',
    CURRENT_TIMESTAMP
  ),
  (
    'artifact-internal-signal',
    'internal-signal',
    'Internal Signal',
    'application',
    'Internal Signal',
    'in_progress',
    'repository',
    'repo://internal/index.html',
    '/internal/',
    'pending',
    '2026-06-09T12:09:57+03:00',
    'DALE Systems Lab',
    '0.1.0',
    'in_review',
    'text/html',
    'Authenticated internal build observability landing page. Future reads should query this registry.',
    '{"repository_path":"internal/index.html","future_data_source":"artifact_registry"}',
    CURRENT_TIMESTAMP
  )
ON CONFLICT(id) DO UPDATE SET
  slug = excluded.slug,
  title = excluded.title,
  artifact_type = excluded.artifact_type,
  canon_tool = excluded.canon_tool,
  status = excluded.status,
  source_provider = excluded.source_provider,
  source_url = excluded.source_url,
  internal_route = excluded.internal_route,
  evidence_status = excluded.evidence_status,
  last_updated = excluded.last_updated,
  owner = excluded.owner,
  version = excluded.version,
  review_status = excluded.review_status,
  mime_type = excluded.mime_type,
  notes = excluded.notes,
  metadata_json = excluded.metadata_json,
  registry_updated_at = CURRENT_TIMESTAMP;

INSERT INTO artifact_environments (
  artifact_id,
  environment_id,
  relationship
)
VALUES
  ('artifact-dale-research-doc', 'foundation', 'applies_to'),
  ('artifact-cts-coherence-audit', 'ammi-ape', 'applies_to'),
  ('artifact-cts-coherence-audit', 'foundation', 'applies_to'),
  ('artifact-dale-tools-canons-v1', 'ammi-ape', 'applies_to'),
  ('artifact-dale-tools-canons-v1', 'sve', 'applies_to'),
  ('artifact-dale-tools-canons-v1', 'foundation', 'applies_to'),
  ('artifact-master-canon-toolkit', 'ammi-ape', 'applies_to'),
  ('artifact-master-canon-toolkit', 'sve', 'applies_to'),
  ('artifact-master-canon-toolkit', 'foundation', 'applies_to'),
  ('artifact-master-canon-schema', 'ammi-ape', 'applies_to'),
  ('artifact-master-canon-schema', 'sve', 'applies_to'),
  ('artifact-master-canon-schema', 'foundation', 'applies_to'),
  ('artifact-master-canon-spec', 'ammi-ape', 'applies_to'),
  ('artifact-master-canon-spec', 'sve', 'applies_to'),
  ('artifact-master-canon-spec', 'foundation', 'applies_to')
ON CONFLICT(artifact_id, environment_id, relationship) DO NOTHING;

